f_type,count,generated_at
.py,465,10:00:46
.pyc,429,10:00:46
.c,146,10:00:46
.xml,115,10:00:46
.d,113,10:00:46
.h,106,10:00:46
.pdf,105,10:00:46
.mk,92,10:00:46
.i,76,10:00:46
.p1,76,10:00:46
,72,10:00:46
.o,63,10:00:46
.ino,45,10:00:46
.map,35,10:00:46
.asm,34,10:00:46
.hex,31,10:00:46
.txt,31,10:00:46
.properties,29,10:00:46
.htm,29,10:00:46
.zip,28,10:00:46
.docx,26,10:00:46
.hxl,23,10:00:46
.bash,23,10:00:46
.rlf,23,10:00:46
.cmf,23,10:00:46
.elf,23,10:00:46
.mum,23,10:00:46
.lst,23,10:00:46
.png,23,10:00:46
.sym,23,10:00:46
.sdb,23,10:00:46
.s,20,10:00:46
.HEX,19,10:00:46
.exe,17,10:00:46
.uvoptx,16,10:00:46
.jpg,16,10:00:46
.Admin,16,10:00:46
.sample,15,10:00:46
.uvprojx,14,10:00:46
.dep,14,10:00:46
.8,14,10:00:46
.typed,14,10:00:46
.dbgconf,14,10:00:46
.axf,12,10:00:46
.lnp,12,10:00:46
.cpp,12,10:00:46
.lnk,11,10:00:46
.ini,9,10:00:46
.md,8,10:00:46
.0,7,10:00:46
.pptx,7,10:00:46
.out,6,10:00:46
.json,5,10:00:46
.gif,4,10:00:46
.csv,4,10:00:46
.html,4,10:00:46
.inc,3,10:00:46
.url,3,10:00:46
.swp,3,10:00:46
.msi,2,10:00:46
.db,2,10:00:46
.ipynb,2,10:00:46
.wmf,2,10:00:46
.scvd,2,10:00:46
.rar,2,10:00:46
.bat,2,10:00:46
.iex,2,10:00:46
.LNK,1,10:00:46
.pem,1,10:00:46
.ps1,1,10:00:46
.cfg,1,10:00:46
.pbix,1,10:00:46
.5,1,10:00:46
.script,1,10:00:46
.ioc,1,10:00:46
.1,1,10:00:46
.mp4,1,10:00:46
.tpp,1,10:00:46
.pde,1,10:00:46
.lbr,1,10:00:46
.adoc,1,10:00:46
.pas,1,10:00:46
.bin,1,10:00:46
.GIF,1,10:00:46
