timestamp,type,added,deleted,modified
2025-09-04 14:11:06,,72,0,0
2025-09-04 14:11:06,.lst,23,0,0
2025-09-04 14:11:06,.ps1,1,0,0
2025-09-04 14:11:06,.db,2,0,0
2025-09-04 14:11:06,.py,465,0,0
2025-09-04 14:11:06,.uvprojx,14,0,0
2025-09-04 14:11:06,.swp,3,0,0
2025-09-04 14:11:06,.cmf,23,0,0
2025-09-04 14:11:06,.script,1,0,0
2025-09-04 14:11:06,.pas,1,0,0
2025-09-04 14:11:06,.c,146,0,0
2025-09-04 14:11:06,.sdb,23,0,0
2025-09-04 14:11:06,.lnp,12,0,0
2025-09-04 14:11:06,.jpg,8,0,0
2025-09-04 14:11:06,.mk,92,0,0
2025-09-04 14:11:06,.pbix,1,0,0
2025-09-04 14:11:06,.md,8,0,0
2025-09-04 14:11:06,.s,20,0,0
2025-09-04 14:11:06,.bin,1,0,0
2025-09-04 14:11:06,.h,106,0,0
2025-09-04 14:11:06,.bash,23,0,0
2025-09-04 14:11:06,.dep,14,0,0
2025-09-04 14:11:06,.cpp,12,0,0
2025-09-04 14:11:06,.json,5,0,0
2025-09-04 14:11:06,.exe,17,0,0
2025-09-04 14:11:06,.tpp,1,0,0
2025-09-04 14:11:06,.csv,3,0,0
2025-09-04 14:11:06,.scvd,2,0,0
2025-09-04 14:11:06,.ipynb,2,0,0
2025-09-04 14:11:06,.sym,23,0,0
2025-09-04 14:11:06,.Admin,16,0,0
2025-09-04 14:11:06,.pde,1,0,0
2025-09-04 14:11:06,.docx,25,0,0
2025-09-04 14:11:06,.mum,23,0,0
2025-09-04 14:11:06,.bat,2,0,0
2025-09-04 14:11:06,.d,113,0,0
2025-09-04 14:11:06,.pdf,90,0,0
2025-09-04 14:11:06,.png,22,0,0
2025-09-04 14:11:06,.hex,31,0,0
2025-09-04 14:11:06,.lbr,1,0,0
2025-09-04 14:11:06,.pyc,429,0,0
2025-09-04 14:11:06,.LNK,1,0,0
2025-09-04 14:11:06,.adoc,1,0,0
2025-09-04 14:11:06,.msi,2,0,0
2025-09-04 14:11:06,.url,3,0,0
2025-09-04 14:11:06,.i,76,0,0
2025-09-04 14:11:06,.zip,28,0,0
2025-09-04 14:11:06,.txt,30,0,0
2025-09-04 14:11:06,.html,4,0,0
2025-09-04 14:11:06,.pptx,7,0,0
2025-09-04 14:11:06,.iex,2,0,0
2025-09-04 14:11:06,.5,1,0,0
2025-09-04 14:11:06,.lnk,11,0,0
2025-09-04 14:11:06,.ini,9,0,0
2025-09-04 14:11:06,.pem,1,0,0
2025-09-04 14:11:06,.htm,29,0,0
2025-09-04 14:11:06,.axf,12,0,0
2025-09-04 14:11:06,.dbgconf,14,0,0
2025-09-04 14:11:06,.p1,76,0,0
2025-09-04 14:11:06,.sample,15,0,0
2025-09-04 14:11:06,.rlf,23,0,0
2025-09-04 14:11:06,.GIF,1,0,0
2025-09-04 14:11:06,.typed,14,0,0
2025-09-04 14:11:06,.wmf,2,0,0
2025-09-04 14:11:06,.cfg,1,0,0
2025-09-04 14:11:06,.out,6,0,0
2025-09-04 14:11:06,.o,63,0,0
2025-09-04 14:11:06,.properties,29,0,0
2025-09-04 14:11:06,.xml,115,0,0
2025-09-04 14:11:06,.rar,2,0,0
2025-09-04 14:11:06,.ioc,1,0,0
2025-09-04 14:11:06,.HEX,19,0,0
2025-09-04 14:11:06,.uvoptx,16,0,0
2025-09-04 14:11:06,.mp4,2,0,0
2025-09-04 14:11:06,.elf,23,0,0
2025-09-04 14:11:06,.1,1,0,0
2025-09-04 14:11:06,.hxl,23,0,0
2025-09-04 14:11:06,.gif,4,0,0
2025-09-04 14:11:06,.map,35,0,0
2025-09-04 14:11:06,.inc,3,0,0
2025-09-04 14:11:06,.asm,34,0,0
2025-09-04 14:11:06,.0,7,0,0
2025-09-04 14:11:06,.8,14,0,0
2025-09-04 14:11:06,.ino,45,0,0
2025-09-04 14:26:55,.png,1,0,2
2025-09-04 14:26:55,.jpg,0,1,0
2025-09-04 14:26:55,.mp4,0,1,0
2025-09-04 14:26:55,.csv,1,0,2
2025-09-04 14:35:13,.py,0,465,0
2025-09-04 14:35:13,.csv,0,4,0
2025-09-04 14:35:13,.pdf,0,105,0
2025-09-04 14:35:13,.c,0,146,0
2025-09-04 14:35:13,.json,0,5,0
2025-09-04 14:35:13,.mum,0,23,0
2025-09-04 14:35:13,.adoc,0,1,0
2025-09-04 14:35:13,.ioc,0,1,0
2025-09-04 14:35:13,.typed,0,14,0
2025-09-04 14:35:13,.exe,0,17,0
2025-09-04 14:35:13,.8,0,14,0
2025-09-04 14:35:13,.swp,0,3,0
2025-09-04 14:35:13,.tpp,0,1,0
2025-09-04 14:35:13,.lnp,0,12,0
2025-09-04 14:35:13,.cfg,0,1,0
2025-09-04 14:35:13,.bash,0,23,0
2025-09-04 14:35:13,.jpg,0,16,0
2025-09-04 14:35:13,.uvoptx,0,16,0
2025-09-04 14:35:13,.url,0,3,0
2025-09-04 14:35:13,.elf,0,23,0
2025-09-04 14:35:13,.lst,0,23,0
2025-09-04 14:35:13,.sample,0,15,0
2025-09-04 14:35:13,.sym,0,23,0
2025-09-04 14:35:13,.uvprojx,0,14,0
2025-09-04 14:35:13,.asm,0,34,0
2025-09-04 14:35:13,.cpp,0,12,0
2025-09-04 14:35:13,.LNK,0,1,0
2025-09-04 14:35:13,.HEX,0,19,0
2025-09-04 14:35:13,.rlf,0,23,0
2025-09-04 14:35:13,.msi,0,2,0
2025-09-04 14:35:13,.cmf,0,23,0
2025-09-04 14:35:13,.p1,0,76,0
2025-09-04 14:35:13,.ipynb,0,2,0
2025-09-04 14:35:13,.ini,0,9,0
2025-09-04 14:35:13,.zip,0,28,0
2025-09-04 14:35:13,.h,0,106,0
2025-09-04 14:35:13,.iex,0,2,0
2025-09-04 14:35:13,.bin,0,1,0
2025-09-04 14:35:13,.lnk,0,11,0
2025-09-04 14:35:13,.inc,0,3,0
2025-09-04 14:35:13,.1,0,1,0
2025-09-04 14:35:13,.ino,0,45,0
2025-09-04 14:35:13,.gif,0,4,0
2025-09-04 14:35:13,.axf,0,12,0
2025-09-04 14:35:13,.5,0,1,0
2025-09-04 14:35:13,.JPG,245,0,0
2025-09-04 14:35:13,.pyc,0,429,0
2025-09-04 14:35:13,.out,0,6,0
2025-09-04 14:35:13,.pas,0,1,0
2025-09-04 14:35:13,.pptx,0,7,0
2025-09-04 14:35:13,.THM,5,0,0
2025-09-04 14:35:13,.hxl,0,23,0
2025-09-04 14:35:13,.pde,0,1,0
2025-09-04 14:35:13,.rar,0,2,0
2025-09-04 14:35:13,.d,0,113,0
2025-09-04 14:35:13,.sdb,0,23,0
2025-09-04 14:35:13,.Admin,0,16,0
2025-09-04 14:35:13,.i,0,76,0
2025-09-04 14:35:13,.lbr,0,1,0
2025-09-04 14:35:13,.dep,0,14,0
2025-09-04 14:35:13,.db,0,2,0
2025-09-04 14:35:13,.pem,0,1,0
2025-09-04 14:35:13,.txt,0,31,0
2025-09-04 14:35:13,.htm,0,29,0
2025-09-04 14:35:13,.GIF,0,1,0
2025-09-04 14:35:13,.0,0,7,0
2025-09-04 14:35:13,.AVI,5,0,0
2025-09-04 14:35:13,.script,0,1,0
2025-09-04 14:35:13,.scvd,0,2,0
2025-09-04 14:35:13,.map,0,35,0
2025-09-04 14:35:13,.png,0,23,0
2025-09-04 14:35:13,.wmf,0,2,0
2025-09-04 14:35:13,.bat,0,2,0
2025-09-04 14:35:13,.ps1,0,1,0
2025-09-04 14:35:13,.s,0,20,0
2025-09-04 14:35:13,.mp4,0,1,0
2025-09-04 14:35:13,.docx,0,26,0
2025-09-04 14:35:13,.hex,0,31,0
2025-09-04 14:35:13,.o,0,63,0
2025-09-04 14:35:13,.dbgconf,0,14,0
2025-09-04 14:35:13,.properties,0,29,0
2025-09-04 14:35:13,.md,0,8,0
2025-09-04 14:35:13,.html,0,4,0
2025-09-04 14:35:13,.xml,0,115,0
2025-09-04 14:35:13,.pbix,0,1,0
2025-09-04 14:35:13,.mk,0,92,0
2025-09-04 14:40:12,,72,0,0
2025-09-04 14:40:12,.pbix,1,0,0
2025-09-04 14:40:12,.uvoptx,16,0,0
2025-09-04 14:40:12,.h,106,0,0
2025-09-04 14:40:12,.scvd,2,0,0
2025-09-04 14:40:12,.pde,1,0,0
2025-09-04 14:40:12,.csv,4,0,0
2025-09-04 14:40:12,.ioc,1,0,0
2025-09-04 14:40:12,.url,3,0,0
2025-09-04 14:40:12,.sym,23,0,0
2025-09-04 14:40:12,.dbgconf,14,0,0
2025-09-04 14:40:12,.pyc,429,0,0
2025-09-04 14:40:12,.py,465,0,0
2025-09-04 14:40:12,.Admin,16,0,0
2025-09-04 14:40:12,.ipynb,2,0,0
2025-09-04 14:40:12,.ino,45,0,0
2025-09-04 14:40:12,.pas,1,0,0
2025-09-04 14:40:12,.s,20,0,0
2025-09-04 14:40:12,.html,4,0,0
2025-09-04 14:40:12,.HEX,19,0,0
2025-09-04 14:40:12,.ini,9,0,0
2025-09-04 14:40:12,.lnp,12,0,0
2025-09-04 14:40:12,.0,7,0,0
2025-09-04 14:40:12,.bin,1,0,0
2025-09-04 14:40:12,.wmf,2,0,0
2025-09-04 14:40:12,.tpp,1,0,0
2025-09-04 14:40:12,.htm,29,0,0
2025-09-04 14:40:12,.mp4,1,0,0
2025-09-04 14:40:12,.msi,2,0,0
2025-09-04 14:40:12,.LNK,1,0,0
2025-09-04 14:40:12,.rar,2,0,0
2025-09-04 14:40:12,.cfg,1,0,0
2025-09-04 14:40:12,.mum,23,0,0
2025-09-04 14:40:12,.sample,15,0,0
2025-09-04 14:40:12,.typed,14,0,0
2025-09-04 14:40:12,.map,35,0,0
2025-09-04 14:40:12,.8,14,0,0
2025-09-04 14:40:12,.properties,29,0,0
2025-09-04 14:40:12,.AVI,0,5,0
2025-09-04 14:40:12,.jpg,16,0,0
2025-09-04 14:40:12,.out,6,0,0
2025-09-04 14:40:12,.bat,2,0,0
2025-09-04 14:40:12,.elf,23,0,0
2025-09-04 14:40:12,.cmf,23,0,0
2025-09-04 14:40:12,.o,63,0,0
2025-09-04 14:40:12,.cpp,12,0,0
2025-09-04 14:40:12,.pdf,105,0,0
2025-09-04 14:40:12,.pem,1,0,0
2025-09-04 14:40:12,.txt,31,0,0
2025-09-04 14:40:12,.uvprojx,14,0,0
2025-09-04 14:40:12,.md,8,0,0
2025-09-04 14:40:12,.docx,26,0,0
2025-09-04 14:40:12,.lbr,1,0,0
2025-09-04 14:40:12,.c,146,0,0
2025-09-04 14:40:12,.lst,23,0,0
2025-09-04 14:40:12,.json,5,0,0
2025-09-04 14:40:12,.gif,4,0,0
2025-09-04 14:40:12,.iex,2,0,0
2025-09-04 14:40:12,.i,76,0,0
2025-09-04 14:40:12,.JPG,0,245,0
2025-09-04 14:40:12,.dep,14,0,0
2025-09-04 14:40:12,.axf,12,0,0
2025-09-04 14:40:12,.bash,23,0,0
2025-09-04 14:40:12,.5,1,0,0
2025-09-04 14:40:12,.adoc,1,0,0
2025-09-04 14:40:12,.script,1,0,0
2025-09-04 14:40:12,.THM,0,5,0
2025-09-04 14:40:12,.p1,76,0,0
2025-09-04 14:40:12,.db,2,0,0
2025-09-04 14:40:12,.lnk,11,0,0
2025-09-04 14:40:12,.exe,17,0,0
2025-09-04 14:40:12,.sdb,23,0,0
2025-09-04 14:40:12,.1,1,0,0
2025-09-04 14:40:12,.zip,28,0,0
2025-09-04 14:40:12,.rlf,23,0,0
2025-09-04 14:40:12,.hex,31,0,0
2025-09-04 14:40:12,.mk,92,0,0
2025-09-04 14:40:12,.swp,3,0,0
2025-09-04 14:40:12,.ps1,1,0,0
2025-09-04 14:40:12,.xml,115,0,0
2025-09-04 14:40:12,.d,113,0,0
2025-09-04 14:40:12,.hxl,23,0,0
2025-09-04 14:40:12,.pptx,7,0,0
2025-09-04 14:40:12,.asm,34,0,0
2025-09-04 14:40:12,.inc,3,0,0
2025-09-04 14:40:12,.GIF,1,0,0
2025-09-04 14:40:12,.png,23,0,0
